reclon,reclat
-120.165,34.104
-120.062,34.1
-120.062,34.097
-120.042,34.1
-119.202,33.972
-120.193,34.105
-120.928,32.897
-125.437,28.124
-120.178,33.929
-119.538,34.193
-120.075,34.131
-120.64,34.048
-120.548,34.085
-120.562,34.029
-120.518,34.027
-120.587,34.117
-120.59,34.057
-120.081,33.94
-121.677,33.785
-120.612,33.98
-120.574,34.09
-119.943,34.158
-119.825,34.148
-120.251,34.43
-120.787,34.587
-120.521,34.515
-120.648,34.489
-120.285,34.22
-120.779,34.549
-120.966,34.617
-120.788,34.593
-120.777,34.577
-120.488,34.394
-120.528,34.211
-119.375,33.285
-120.57,34.048
-120.906,34.813
-120.895,34.971
-121.374,34.891
-122.623,35.055
-122.758,34.463
-122.538,34.28
-122.632,33.207
-128.886,33.209
-122.312,33.42
-121.807,33.588
-121.8,33.581
-120.592,33.669
-120.726,33.76
-124.413,32.791
-120.465,34.01
-120.485,34.019
-120.398,34.122
-120.402,34.124
-120.437,34.201
-120.416,34.185
-121.125,34.307
-120.294,34.242
-120.633,34.154
-120.557,34.191
-120.666,34.341
-120.531,34.982
-121.066,35.006
-121.178,34.974
-121.684,35.435
-122.204,36.923
-122.414,36.892
-122.5,37.065
-122.465,37.082
-122.515,37.064
-122.699,37.021
-122.437,37.045
-122.447,37.056
-122.331,37.003
-123.316,37.598
-122.967,37.115
-120.08,36.911
-123.364,37.897
-123.238,37.901
-123.398,38.583
-123.467,38.586
-123.698,38.696
-123.645,38.736
-123.753,38.919
-123.797,39.157
-123.588,38.591
-123.519,38.59
-123.214,38.518
-123.312,38.391
-123.342,38.428
-123.421,38.524
-123.276,37.796
-123.28,37.826
-123.446,37.851
-123.443,37.781
-123.064,38
-123.258,37.978
-123.297,37.937
-122.903,37.644
-133.641,31.86
-123.526,37.915
-123.414,37.979
-125.245,38.102
-123.48,37.938
-123.447,37.893
-123.385,37.958
-123.34,37.989
-123.417,38.046
-123.401,38.311
-122.882,38.253
-123.544,38.168
-123.525,38.103
-122.728,37.872
-122.042,36.825
-123.385,38.071
-123.402,38.133
-123.436,38.074
-123.434,38.052
-123.409,38.054
-123.467,38.003
-124.293,38.743
-123.884,37.708
-123.298,37.789
-123.022,37.748
-123.763,38.035
-123.439,38.071
-123.38,38.159
-123.678,38.176
-123.751,37.995
-123.417,37.912
-122.948,37.655
-123.155,38.029
-123.263,37.83
-123.343,37.847
-123.281,37.827
-123.631,37.855
-123.52,37.96
-123.431,37.872
-123.398,37.885
-123.553,38.057
-123.379,38.019
-123.5,38.054
-123.332,37.888
-123.332,37.888
-123.617,38.057
-123.479,38.037
-122.744,38.167
-126.762,38.921
-127.485,39.088
-129.187,39.901
-129.14,39.927
-131.612,40.482
-132.394,40.657
-132.789,40.69
-134.623,41.021
-135.124,41.543
-137.147,42.339
-137.907,42.63
-140.786,43.653
-142.275,43.33
-142.428,43.393
-142.811,43.572
-143.579,43.078
-143.968,42.865
-144.154,42.813
-144.038,42.856
-144.394,42.699
-144.686,42.455
-144.79,42.411
-144.703,42.167
-146.336,41.355
-146.959,40.988
-147.102,40.769
-146.796,40.473
-146,38.943
-145.877,38.843
-143.959,35.972
-141.607,34.69
-141.061,34.372
-140.957,34.505
-140.024,33.596
-139.844,33.526
-139.85,33.523
-139.562,33.318
-138.569,32.825
-138.422,32.694
-138.462,32.713
-137.733,32.129
-137.512,31.916
-137.497,31.902
-136.881,31.419
-137.041,31.463
-137.024,31.505
-136.826,31.264
-136.38,31.239
-136.894,30.931
-136.381,31.217
-135.904,31.046
-135.856,31.128
-135.411,30.415
-135.341,30.136
-133.947,30.087
-134.66,29.52
-134.622,29.479
-133.213,28.929
-133.2,28.943
-132.884,28.912
-132.066,28.856
-132.155,28.788
-131.514,28.44
-132.105,27.703
-133.033,27.505
-129.369,26.026
-129.507,25.958
-129.244,25.777
-129.156,25.039
-128.937,24.551
-129.667,24.395
-128.37,24.388
-128.316,24.304
-128.271,24.412
-128.094,24.476
-126.307,24.603
-125.582,24.656
-124.202,24.728
-127.244,24.191
-126.058,25.214
-123.656,24.942
-123.519,24.957
-123.271,24.998
-123.387,25.101
-123.498,25.167
-122.84,25.193
-122.865,25.218
-122.287,25.161
-122.729,25.393
-121.817,25.36
-121.193,24.91
-121.099,24.838
-120.998,24.633
-119.699,24.076
-119.678,24.031
-119.546,23.944
-119.372,23.952
-116.914,24.808
-118.082,23.353
-117.683,23.13
-117.744,23.151
-117.528,22.538
-116.87,22.475
-116.821,22.477
-116.862,22.503
-116.808,22.521
-116.71,22.423
-116.662,22.485
-116.682,22.448
-116.783,22.63
-116.383,22.521
-116.528,22.485
-116.513,22.483
-116.004,22.266
-115.918,22.27
-115.757,22.243
-115.046,22.233
-114.829,22.094
-114.582,21.994
-113.436,21.621
-113.359,21.554
-113.108,21.485
-113.145,21.692
-112.411,21.342
-113.35,21.181
-113.071,21.07
-113.047,21.072
-112.66,20.874
-112.663,20.874
-112.726,20.838
-112.606,20.832
-111.961,20.635
-112.247,20.698
-110.895,21.268
-112.21,20.791
-110.919,21.717
-111.747,20.862
-111.86,20.764
-112.162,20.242
-112.023,20.807
-111.99,20.872
-111.988,20.874
-112.156,20.917
-112.019,21.159
-111.809,20.905
-112.744,20.675
-111.101,21.966
-111.148,21.768
-109.575,22.05
-111.18,21.949
-110.279,22.621
-110.346,22.788
-110.646,22.86
-110.9,23.6
-111.108,23.641
-111.141,23.542
-111.403,23.514
-111.347,23.526
-112.717,24.815
-112.632,25.776
-112.701,25.88
-112.908,25.848
-112.951,25.854
-112.958,25.887
-112.802,25.897
-112.994,25.973
-113.282,26.092
-113.278,26.142
-113.334,26.075
-113.428,26.148
-113.279,26.023
-113.191,25.902
-113.325,25.914
-113.283,25.955
-112.946,25.831
-113.057,25.821
-112.945,25.745
-113.265,26.126
-113.17,25.773
-113.241,25.779
-113.211,25.811
-113.083,25.766
-112.762,24.7
-110.937,23.749
-111.624,24.168
-111.864,24.169
-111.664,24.009
-111.651,24.184
-111.612,24.238
-111.12,24.255
-111.61,24.103
-111.814,23.801
-112.002,24.211
-112.001,24.262
-112.063,24.328
-112.282,24.523
-112.196,24.453
-112.279,24.779
-112.675,24.777
-112.731,24.914
-112.545,24.996
-112.914,24.769
-113.411,25.05
-113.578,26.384
-113.573,26.531
-114.195,26.435
-113.838,26.586
-114.859,26.618
-115.043,27.328
-114.829,27.362
-114.828,27.359
-113.872,26.506
-112.933,25.952
-112.937,25.928
-112.933,25.922
-112.884,25.976
-112.899,26.135
-112.636,26.193
-112.841,26.119
-112.844,26.124
-113.239,26.273
-113.042,26.313
-113.139,26.279
-113.242,26.349
-113.172,26.315
-113.262,26.301
-113.284,26.266
-113.125,26.215
-113.267,26.426
-113.267,26.426
-113.277,26.351
-113.086,26.218
-113.187,26.431
-113.938,26.018
-113.18,26.405
-113.181,26.433
-113.133,26.404
-113.09,26.39
-113.825,26.835
-113.098,26.329
-113.093,26.274
-113.2,26.439
-113.115,26.443
-113.332,26.395
-113.401,26.372
-113.186,26.455
-113.26,26.439
-113.269,26.42
-113.253,26.461
-113.382,26.477
-113.274,26.424
-120.007,34.131
-119.912,34.119
-120.099,34.139
-120.393,34.152
-120.476,34.168
-120.201,34.12
-120.437,34.116
-121.133,34.297
-120.391,34.154
-117.624,35.937
-120.55,34.048
-120.55,34.048
-120.531,34.149
-120.613,34.098
-119.947,33.88
-120.528,34.04
-121.293,33.029
-120.372,32.83
-119.784,33.581
-119.765,33.551
-118.066,34.007
-118.99,33.107
-118.873,32.979
-118.892,32.328
-118.43,32.375
-118.413,32.333
-118.346,32.33
-118.058,32.007
-117.637,31.834
-117.743,31.677
-117.215,31.706
-117.581,31.588
-117.396,31.601
-117.072,31.606
-117.125,31.629
-95.11,32.849
-116.688,31.33
-117.001,30.561
-116.558,30.842
-116.34,30.644
-115.674,30.63
-117.779,30.226
-118.049,30.219
-118.194,30.294
-119.023,30.808
-118.859,30.83
-119.151,31.124
-119.45,31.534
-119.413,31.699
-119.368,31.843
-120.605,31.129
-119.696,31.811
-119.693,31.858
-119.441,31.789
-119.652,31.924
-119.616,31.948
-119.9,32.278
-119.797,32.394
-119.776,32.378
-119.771,32.371
-119.899,32.365
-119.65,32.236
-119.679,32.288
-121.722,32.776
-119.81,32.37
-119.904,32.316
-117.146,32.633
-121.508,32.191
-120.378,32.422
-118.773,31.68
-119.54,32.234
-119.716,32.193
-119.486,32.299
-119.248,32.264
-117.786,33.271
-118.939,32.409
-119.026,32.054
-118.911,31.668
-119.072,31.553
-119.447,31.923
-118.789,31.607
-118.807,31.515
-119.012,31.898
-118.938,31.544
-119.195,31.469
-119.141,31.643
-119.297,31.362
-118.78,31.643
-119.335,31.247
-118.753,31.642
-118.712,31.653
-118.833,31.836
-116.633,32.031
-118.74,31.7
-118.73,31.693
-118.709,31.704
-118.575,31.747
-118.551,31.789
-118.466,31.765
-118.395,31.892
-118.557,31.896
-117.878,31.797
-117.273,31.554
-116.701,31.185
-116.659,31.166
-116.492,30.826
-116.77,30.421
-116.261,30.506
-117.448,29.727
-115.779,29.565
-115.312,28.934
-115.19,28.778
-115.165,28.697
-115.307,28.73
-114.589,29.164
-115.207,29.009
-115.319,28.97
-114.647,28.932
-115.346,29.009
-115.307,29.019
-114.837,28.854
-115.26,28.938
-115.332,28.96
-115.214,29.004
-115.246,28.589
-116.45,27.937
-115.581,28.114
-115.254,27.677
-114.983,26.857
-114.781,26.886
-114.809,25.64
-114.069,24.591
-113.96,24.478
-113.462,24.388
-113.579,24.341
-112.646,23.921
-112.491,23.726
-112.368,23.777
-112.532,23.763
-112.437,23.779
-112.496,23.765
-112.695,24.05
-111.218,22.528
-112.226,23.62
-113.118,23.533
-113.635,23.82
-113.254,23.898
-113.888,24.057
-114.14,24.138
-113.603,24.43
-114.263,24.512
-114.363,24.747
-114.18,24.87
-114.468,25.137
-114.332,25.114
-114.25,25.352
-113.509,25.207
-115.578,25.683
-115.178,25.753
-115.109,27.703
-116.181,27.957
-115.432,28.633
-115.171,28.713
-115.123,28.836
-114.695,28.979
-115.045,29.192
-115.031,29.183
-115.303,29.423
-115.817,29.999
-115.948,29.961
-115.957,29.96
-115.891,29.775
-115.914,29.778
-115.891,29.776
-115.635,29.675
-115.815,29.622
-116.115,30.447
-116.312,30.67
-115.073,31.278
-116.362,31.081
30.101,9.822
-117.478,31.296
-116.774,31.89
-117.361,32.65
-118.077,32.932
-118.676,33.507
-118.519,33.502
-121.815,33.365
-116.814,31.158
-118.641,33.894
-118.851,33.937
-118.912,33.968
-119.591,33.976
-119.804,33.893
-120.144,33.739
-119.486,34.052
-120.23,33.906
-120.559,34.074
-120.48,33.986
-120.248,34.074
-120.166,33.846
-120.226,33.714
-120.183,33.698
-119.861,33.55
-119.78,33.381
-119.868,33.359
-119.819,33.331
-120.498,34.192
-122.788,34.142
-120.795,34.539
-120.531,34.21
-120.611,34.103
-120.445,34.166
-120.618,34.139
-120.638,34.156
-120.287,33.854
-120.392,34.052
-120.939,34.227
-113.163,34.344
-120.602,34.105
-120.605,34.105
-120.858,34.078
-124.872,31.26
-120.555,34.068
-120.564,34.057
-120.633,34.092
-120.477,33.972
-120.577,34.194
-119.982,33.812
-131.324,30.844
-122.038,34.13
-122.792,33.358
-120.318,34.418
-120.655,34.128
-120.653,34.135
-120.44,33.653
-118.175,33.754
-118.713,33.848
-118.373,33.752
-118.431,33.734
-118.322,33.663
-118.498,33.713
-118.562,33.291
-118.126,33.422
-118.05,33.221
-117.523,33.242
-117.475,33.177
-117.444,33.102
-117.35,33.078
-117.303,32.973
-117.373,32.655
-117.37,32.679
-117.285,32.647
-117.406,32.684
-117.383,32.681
-117.419,32.68
-117.438,32.655
-117.355,32.632
-117.64,32.385
-117.385,32.681
-117.362,32.655
-117.347,32.4
-117.256,32.373
-117.222,32.461
-117.243,32.329
-117.381,32.515
-117.374,32.518
-116.968,32.624
-117.319,32.655
-117.366,32.629
-117.375,32.63
-117.321,32.558
-117.317,32.502
-117.353,32.517
-117.297,32.531
-117.134,32.518
-117.336,32.574
-117.299,32.537
-117.147,32.584
-117.449,32.637
-117.553,32.775
-117.504,32.783
-117.45,32.76
-117.42,32.754
-117.365,32.742
-117.919,32.831
-117.82,32.863
-118.019,33.502
-118.564,33.802
-118.6,33.883
-118.608,33.848
-118.471,33.715
-118.473,33.821
-118.5,33.79
-118.488,33.761
-118.429,33.735
-118.399,33.715
-118.392,33.725
-118.662,33.756
-118.484,33.746
-118.534,33.791
-118.701,33.928
-118.454,33.804
-118.468,33.736
-118.387,33.703
-118.064,33.74
-118.184,33.732
-118.335,33.706
-118.437,33.738
-106.251,31.594
-118.441,33.728
-118.383,33.854
-118.082,33.933
-118.441,33.736
-118.444,33.697
-118.384,33.723
-118.341,33.699
-118.483,33.779
-118.497,33.779
-118.45,33.744
-118.522,33.824
-118.465,33.768
-118.511,33.788
-118.1,33.828
-118.502,33.771
-118.509,33.752
-118.485,33.737
-118.465,33.732
-118.36,33.7
-118.46,33.746
-118.413,33.744
-118.508,33.784
-118.637,33.912
-118.393,34.055
-118.56,33.832
-118.603,33.852
-118.603,33.859
-118.592,33.988
-118.592,33.988
-118.404,33.671
-118.316,33.66
-118.298,33.663
-118.565,33.843
-118.657,33.763
-118.678,33.771
-118.66,33.845
-118.689,33.821
-118.571,33.785
-118.589,33.776
-118.599,33.801
-118.728,33.866
-118.672,33.902
-118.746,33.915
-118.8,33.979
-119.08,33.987
-118.984,33.993
-119.116,33.982
-119.099,33.972
-118.975,33.984
-119.189,34.039
-119.029,33.994
-118.905,34.015
-118.97,33.97
-118.974,33.982
-118.915,34.012
-118.996,33.986
-119.678,33.818
-119.876,33.803
-121.029,33.779
-120.948,33.488
-118.787,32.788
-118.989,32.948
-118.75,32.854
-118.302,32.736
-117.659,33.171
-117.643,33.456
-117.643,33.456
-117.848,33.526
-117.859,33.527
-118.06,33.53
-118.892,33.054
-118.027,33.547
-118.201,33.563
-118.228,33.561
-118.427,33.578
-118.41,33.614
-118.321,33.717
-118.783,33.448
-119.431,33.564
-118.984,33.373
-118.757,32.794
-118.393,31.986
-117.205,31.714
-117.583,31.409
-117.672,31.326
-117.943,31.372
-118.06,31.416
-117.95,31.4
-118.249,31.344
-119.017,31.366
-118.956,31.502
-119.297,30.915
-119.526,31.15
-119.736,31.24
-119.738,30.987
-119.111,30.607
-119.161,30.574
-119.714,30.293
-120.034,29.812
-120.584,29.155
-121.376,29.159
-121.524,29.219
-121.762,29.405
-121.849,29.404
-121.834,29.395
-121.992,29.433
-123.724,29.969
-123.447,27.754
-120.019,34.126
-120.038,34.118
-120.12,34.106
-120.018,34.123
-119.898,34.168
-120.09,34.115
-119.815,34.143
-120.041,34.123
-120.049,34.08
-120.093,34.081
-120.115,34.11
-120.217,34.132
-120.194,34.131
-120.191,34.127
-120.231,34.076
-119.985,34.107
-120.142,34.083
-120.098,34.108
-120.053,34.103
-120.321,33.991
-120.229,34.098
-120.221,34.099
-119.944,34.036
-120.089,34.191
-120.119,34.187
-120.077,34.19
-120.168,34.102
-120.116,33.907
-120.212,34.099
-120.17,34.108
-120.186,34.116
-120.148,34.118
-120.184,34.118
-120.271,34.1
-119.906,34.133
-119.912,34.135
-119.925,34.158
-120.079,34.157
-119.943,34.152
-119.933,34.115
-119.95,34.122
-120.074,34.125
-120.123,34.109
-119.901,34.122
-119.978,34.146
-119.87,34.173
-119.905,34.179
-119.822,34.133
-119.778,34.147
-119.631,34.084
-119.584,34.086
-120.874,34.18
-119.707,34.131
-119.635,34.095
-119.583,34.113
-119.585,34.101
-119.581,34.11
-119.518,34.104
-119.442,34.194
-119.646,34.104
-119.486,34.096
-119.535,34.076
-119.663,34.116
-118.868,33.911
-119.668,34.107
-122.039,33.601
-120.051,34.102
-120.233,34.116
-120.322,34.332
-120.697,34.631
-120.842,34.639
-120.815,34.609
-120.78,34.549
-120.777,34.564
-120.797,34.605
-120.954,34.622
-120.812,34.594
-120.799,34.607
-120.813,34.573
-120.889,34.661
-120.91,35.16
-120.918,35.156
-121.119,35.506
-140.371,32.383
-121.934,35.499
-122.31,35.863
-122.353,36.435
-122.383,36.567
-122.895,37.318
-129.996,34.637
-123.292,38.479
-123.385,38.49
-123.359,38.531
-126.251,38.654
-123.096,38.533
-123.391,38.553
-123.317,38.524
-123.411,38.551
-123.48,38.524
-123.632,38.774
-123.615,38.784
-123.693,38.395
-123.894,38.676
-123.489,38.666
-123.319,38.6
-123.426,38.63
-123.431,38.622
-123.422,38.658
-123.452,38.629
-123.317,38.532
-123.082,38.302
-123.123,38.097
-123.051,37.732
-123.317,37.83
-123.235,37.864
-123.203,37.824
-123.334,37.82
-123.27,38.325
-123.315,38.313
-123.408,38.533
-123.357,38.473
-123.149,38.361
-123.307,38.425
-123.354,38.383
-123.297,38.394
-123.247,38.442
-123.33,38.484
-123.273,38.522
-123.438,38.604
-123.369,38.58
-123.376,38.506
-123.426,38.509
-123.392,38.522
-123.397,38.521
-123.034,38.228
-123.292,38.146
-123.423,37.884
-123.334,38.089
-123.441,37.955
-123.442,37.989
-123.398,37.975
-123.407,37.948
-123.439,37.995
-123.307,37.973
-123.64,38.06
-123.351,38.067
-123.538,38.042
-123.336,38.064
-123.379,38.08
-123.35,38.035
-123.367,38.047
-123.307,38.074
-123.309,38.059
-123.307,38.066
-123.39,38.035
-123.484,38.026
-123.48,38.016
-124.094,37.782
-123.38,38.057
-125.692,37.365
-123.281,38.045
-123.445,38.077
-123.396,38.125
-123.863,37.653
-123.447,38.07
-123.397,38.055
-123.455,38.072
-123.453,38.087
-123.397,38.081
-123.367,38.127
-123.476,38.084
-123.488,38.028
-123.451,38.081
-123.456,37.895
-116.449,33.35
-123.485,37.983
-123.428,37.972
-123.2,37.957
-123.52,37.932
-123.213,37.81
-123.571,37.984
-123.136,38.03
-123.245,37.882
-123.236,37.95
-123.442,38.008
-125.182,37.271
-122.94,38.157
-123.39,37.896
-123.435,37.903
-121.469,38.552
-123.388,37.96
-123.428,37.989
-123.526,38.012
-123.415,38.048
-123.314,38.377
-123.406,37.895
-123.242,37.942
-123.476,38.023
-123.473,37.936
-123.475,37.964
-123.62,38.025
-123.395,37.939
-123.491,37.997
-116.134,37.159
-123.111,38.116
-123.435,37.998
-123.527,38.01
-123.601,38.045
-123.492,37.999
-122.009,38.983
-122.009,38.983
-123.516,38.009
-123.498,38.03
-123.504,38.034
-123.149,38.066
-124.879,37.222
-123.517,38.08
-123.473,38.067
-123.498,38.066
-123.33,38.138
-123.662,38.045
-124.93,37.447
-123.429,37.942
-123.399,37.921
-123.424,37.977
-123.364,38.083
-123.599,38.031
-123.336,38.368
-123.413,37.895
-123.496,37.95
-123.437,38.001
-123.447,38.06
-123.522,38.071
-123.487,38.017
-123.522,38.008
-123.424,37.993
-123.538,37.994
-123.318,37.979
-123.571,38.012
-123.436,37.907
-123.426,37.904
-120.004,40.977
-123.448,38.012
-123.223,38.019
-123.31,37.992
-123.279,37.991
-122.817,37.598
-121.559,37.286
-122.451,37.279
-122.897,37.18
-124.668,37.043
-122.678,36.962
-122.655,37.098
-122.693,37.085
-122.618,37.099
-129.972,37.48
-122.898,37.261
-122.756,37.205
-122.719,37.168
-122.716,37.163
-122.701,37.193
-122.719,37.185
-123.505,37.266
-122.587,37.091
-122.423,36.968
-108.176,48.024
-121.741,36.665
-122.416,36.991
-122.567,37.042
-122.474,37.024
-122.632,37.016
-122.493,37.022
-122.526,37.036
-122.526,37.045
-122.742,37.296
-122.746,37.265
-122.724,37.317
-122.868,37.284
-122.48,37.302
-123.205,37.24
-122.825,37.304
-122.8,37.27
-122.87,37.271
-122.859,36.053
-122.503,35.089
-123.139,34.712
-124.311,32.319
-124.083,32.328
-123.54,30.22
-123.638,29.844
-123.703,29.75
-124.734,29.901
-124.878,30.154
-126.063,30.49
-128.445,31.541
-130.88,34.406
-136.107,37.267
-132.491,37.758
-128.938,35.32
-129.283,33.734
-129.236,33.466
-127.641,31.582
-127.73,31.626
-127.463,31.309
-125.301,25.562
-121.475,25.36
-122.324,25.648
-121.113,24.664
-120.573,23.673
-121.072,21.722
-120.912,21.726
-120.939,21.699
-120.967,21.503
-120.451,21.022
-120.691,20.111
-117.599,18.95
-117.672,18.885
-117.15,18.542
-116.815,17.952
-116.645,17.869
-116.643,17.887
-116.467,17.734
-116.742,17.181
-113.135,17.569
-113.859,18.13
-111.788,18.525
-111.289,18.613
-109.99,20.43
-109.048,20.81
-108.07,21.176
-108.335,21.864
-106.279,22.395
-106.238,22.862
-107.498,24.062
-108,24.294
-108.357,24.71
-109.005,25.102
-109.213,25.349
-109.221,25.356
-109.437,25.446
-109.583,26.086
-110.266,26.52
-110.22,26.713
-110.251,26.559
-110.828,27.494
-111.118,27.828
-111.627,28.066
-112.376,28.364
-112.367,28.128
-112.448,27.971
-112.49,28.017
-113.55,28.209
-112.187,28.186
-112.236,28.175
-112.018,28.044
-112.64,28.606
-112.645,28.621
-113.438,30.194
-113.001,30.087
-113.65,30.185
-113.209,30.05
-112.873,29.774
-119.744,34.091
-120.044,34.134
-120.606,34.115
-119.146,33.277
-120.003,31.973
-119.21,31.242
-118.739,30.957
-119.225,31.203
-119.398,31.269
-119.256,31.222
-119.338,31.227
-119.336,31.255
-119.141,31.311
-119.037,31.363
-118.973,31.352
-118.972,31.325
-119.006,31.389
-119.173,31.257
-119.072,31.344
-119.098,31.556
-119.252,31.717
-119.235,31.956
-119.252,31.999
-119.203,31.871
-119.136,31.875
-119.001,31.832
-118.802,31.756
-118.463,31.941
-118.484,31.869
-118.467,32.074
-118.431,32.143
-118.407,32.068
-118.398,32.116
-118.417,32.13
-116.833,33.305
-118.714,32.203
-118.52,32.509
-118.354,32.475
-118.335,32.47
-118.262,32.506
-118.274,32.535
-118.306,32.548
-118.013,32.541
-118.255,32.564
-118.172,32.687
-118.142,32.666
-118.377,32.629
-118.27,32.577
-118.383,32.711
-118.495,32.682
-118.266,32.777
-118.27,32.866
-118.262,32.858
-118.286,32.859
-118.293,32.762
-117.996,32.76
-117.897,32.59
-117.944,32.664
-117.906,32.342
-118.054,32.322
-118.658,32.31
-118.571,32.322
-118.861,32.573
-119.27,32.646
-120.021,33.051
-123.685,33.83
-122.36,34.879
-122.341,35.005
-122.32,35.029
-123.078,35.264
-121.995,35.929
-121.913,36.046
-121.986,36.494
-122.065,36.506
-122.1,36.922
-122.886,37.438
-122.917,37.456
-122.59,37.45
-122.908,37.488
-123.032,37.64
-122.664,38.102
-123.109,38.201
-123.171,38.256
-123.235,38.519
-124.822,38.352
-124.736,39.02
-123.458,38.171
-123.062,37.652
-123.103,37.34
-121.177,35.152
-121.306,35.184
-121.329,34.758
-121.207,34.761
-121.263,34.8
-121.261,34.787
-121.444,34.717
-121.087,34.594
-120.485,33.961
-120.199,33.378
-120.103,32.851
-119.935,32.606
-119.816,32.58
-119.649,32.502
-119.715,32.499
-119.679,32.477
-119.587,32.514
-118.73,31.757
-119.571,32.48
-119.418,32.396
-119.451,32.511
-119.511,32.48
-119.397,32.454
-120.121,32.334
-119.536,32.389
-119.699,32.338
-119.585,32.348
-122.03,31.839
-119.673,32.312
-119.57,32.291
-119.473,32.338
-119.621,32.454
-119.703,32.599
-119.746,32.606
-119.93,32.786
-119.029,31.686
-119.172,32.339
-119.783,32.568
-120.07,32.523
-120.59,32.42
-119.721,32.553
-119.8,32.563
-119.727,32.552
-120.042,32.572
-119.719,32.514
-120.064,32.743
-119.946,32.733
-120.712,32.511
-120.216,32.174
-120.154,31.933
-120.139,31.745
-120.187,31.695
-119.691,31.51
-119.672,31.52
-119.453,31.52
-117.274,31.585
-117.261,31.628
-116.802,32.061
-116.821,31.961
-116.794,31.941
-116.729,31.528
-116.852,31.404
-116.585,31.289
-116.452,31.017
-116.571,30.965
-116.579,30.972
-116.531,30.998
-116.407,30.966
-116.423,30.942
-116.353,30.805
-116.479,30.823
-116.679,30.754
-115.83,30.747
-116.237,30.834
-116.196,30.253
-116.102,30.184
-116.506,29.746
-116.583,29.64
-116.107,29.202
-115.672,28.368
-115.809,28.059
-115.506,28.545
-115.485,28.612
-115.03,28.33
-115.847,28.622
-116.176,28.921
-117.165,29.252
-116.601,29.265
-119.723,27.656
-118.091,29.823
-118.58,30.021
-118.849,30.218
-119.028,30.249
-119.089,30.289
-119.883,30.781
-119.897,31.187
-120.432,31.183
-120.809,31.22
-120.643,31.492
-120.184,31.425
-120.756,31.581
-120.985,31.788
-121.215,31.678
-121.28,31.708
-121.733,31.719
-121.86,31.537
-121.888,31.521
-121.882,31.522
-121.86,31.503
-120.891,30.922
-122.046,31.438
-121.843,31.426
-122.068,31.413
-122.057,31.319
-122.129,31.277
-121.725,31.3
-119.832,31.085
-122.141,31.303
-122.127,31.3
-122.151,31.277
-122.055,31.293
-122.084,31.287
-122.117,31.199
-121.917,31.029
-121.603,32.318
-123.2,32.11
-124.051,32.187
-123.935,32.062
-123.985,32.135
-124.304,31.846
-123.138,31.553
-120.374,32.449
-127.376,33.729
-128.995,35.224
-132.97,36.281
-137.635,40.076
-139.385,42.829
-143.187,45.552
-144.479,44.367
-145.921,39.467
-146.012,36.091
-145.933,36.086
-145.318,35.775
-149.3,35.78
-150.188,27.193
-149.144,26.091
-149.268,25.881
-149.169,25.631
-146.285,22.603
-145.444,21.422
-145.264,20.882
-144.281,19.972
-144.223,19.937
-144.089,19.641
-142.46,18.88
-141.768,17.621
-141.99,17.818
-139.305,15.823
-138.578,14.652
-134.712,12.843
-134.677,12.868
-134.226,12.242
-133.956,12.262
-132.896,12.061
-132.505,11.86
-131.422,11.669
-129.724,11.449
-128.334,10.9
-126.994,12.044
-126.296,12.405
-123.398,14.852
-123.364,14.863
-120.686,16.379
-118.786,17.626
-117.673,18.289
-115.814,18.858
-115.309,18.74
-107.873,22.741
-108.729,23.892
-108.171,23.995
-108.727,24.125
-108.714,23.972
-108.847,24.019
-108.684,24.537
-108.685,24.545
-108.881,24.523
-108.675,24.576
-108.675,24.63
-109.028,24.696
-108.985,24.726
-109.398,24.639
-109.097,24.849
-108.942,24.549
-109.366,24.548
-119.932,34.15
-119.997,34.13
-120.01,34.2
-120.33,34.17
-120.167,34.389
-119.862,34.185
-119.856,34.177
-119.929,34.157
-120.102,34.118
-120.782,34.706
-120.239,34.153
-120.307,34.171
-118.049,32.535
-120.455,34.179
-121.754,33.261
-120.436,34.173
-120.311,34.157
-120.427,34.145
-120.647,34.174
-121.113,34.124
-120.472,34.183
-120.105,34.083
-120.074,34.159
-120.161,34.152
-120.098,34.171
-120.194,34.19
-120.28,34.175
-120.26,34.131
-120.417,34.134
-120.416,34.154
-120.1,34.148
-119.933,34.212
-120.052,34.137
-120.082,34.089
-120.082,34.117
-125.997,35.288
-120.191,34.106
-120.239,34.091
-119.595,34.168
-119.824,34.172
-119.628,34.112
-119.331,34.292
-119.643,34.103
-120.025,34.159
-120.188,34.142
-120.477,34.165
-120.408,34.174
-120.709,34.362
-120.712,34.411
-122.605,35.139
-120.751,34.791
-121.153,35.335
-121.85,35.851
-122.002,35.943
-122.262,36.984
-123.324,37.49
-122.975,37.579
-123.072,37.596
-123.004,37.823
-122.987,37.794
-125.334,36.813
-123.174,38
-123.092,38.434
-123.088,38.224
-123.174,38.018
-123.046,37.647
-122.364,37.302
-122.676,37.159
-122.546,37.115
-122.268,36.608
-121.832,36.19
-121.571,35.513
-121.568,35.513
-123.274,34.74
-123.109,34.73
-120.161,34.115
-119.988,34.128
-119.61,34.07
-120.039,34.11
-119.921,34.164
-119.893,34.129
-120.478,34.156
-120.617,34.143
-120.609,34.145
-120.521,34.123
-121.077,34.261
-120.569,34.212
-120.535,34.151
-120.555,34.209
-120.525,34.204
-120.577,34.18
-120.577,34.18
-120.547,34.164
-120.405,34.026
-120.094,34.144
-119.82,33.967
-120.15,34.123
-120.164,34.14
-120.064,34.103
-120.127,34.191
-120.114,34.145
-120.217,34.142
-120.362,34.116
-120.296,34.115
-120.254,34.249
-120.304,34.265
-120.247,34.28
-120.382,34.283
-120.175,34.134
-119.992,34.217
-120.597,34.161
-120.598,34.116
-120.343,34.242
-120.297,34.137
-120.302,34.153
-119.924,34.255
-120.014,34.267
-120.393,34.016
-120.035,34.136
-120.228,34.26
-118.173,32.606
-120.621,34.176
-120.562,34.175
-120.566,34.19
-119.929,34.292
-120.567,34.144
-120.505,34.154
-120.317,34.109
-120.285,33.899
-120.57,34.181
-120.344,34.143
-119.827,34.16
-119.216,33.798
-119.446,34.104
-118.974,33.991
-118.939,34.015
-119.017,33.936
-118.994,33.973
-118.662,34.588
-117.032,34.592
-117.804,33.767
-119.084,33.994
-119.082,33.994
-119.11,34.016
-119.066,33.999
-119.37,33.996
-123.471,29.137
-119.291,34.091
-119.182,34.061
-119.07,34.016
-119.244,34.042
-119.284,34.076
-119.365,34.118
-119.211,34.08
-119.192,34.041
-119.15,33.925
-119.218,33.721
-118.042,33.818
-118.796,33.458
-118.4,33.343
-118.503,33.249
-118.419,33.203
-117.992,32.881
-118.447,32.96
-117.916,32.846
-117.936,32.824
-117.862,32.893
-121.946,34.118
-117.206,32.789
-118.017,32.787
-117.715,32.723
-118.109,32.78
-117.84,32.804
-117.328,33.03
-117.65,32.993
-117.664,32.979
-117.581,32.782
-117.411,32.896
-117.255,32.605
-117.314,32.492
-117.334,32.519
-117.386,32.596
-117.424,32.62
-117.383,32.383
-117.313,32.311
-117.289,32.362
-117.034,32.115
-116.837,31.993
-116.304,31.845
-117.212,32.102
-116.808,31.787
-116.915,31.712
-116.726,31.689
-116.83,31.631
-116.893,31.585
-116.886,31.586
-117.02,31.565
-116.758,31.326
-114.838,31.336
-116.266,31.513
-116.664,31.494
-116.699,30.805
-116.93,31.245
-116.634,31.196
-116.691,31.341
-120.49,28.992
-116.811,31.628
-116.517,31.7
-116.787,31.559
-116.935,31.646
-117.038,31.771
-117.351,31.884
-117.054,31.798
-117.287,31.793
-116.398,31.741
-117.39,31.512
-116.836,31.409
-116.324,31.297
-116.563,31.191
-116.439,30.782
-116.369,30.768
-116.239,30.404
-115.984,30.017
-115.979,29.836
-115.955,29.842
-107.06,32.098
-116.017,29.875
-116.415,29.293
-115.959,29.616
-115.987,29.675
-115.809,29.635
-115.695,29.596
-115.683,29.417
-114.851,29.625
-115.686,29.381
-115.667,29.328
-115.292,29.316
-115.045,28.888
-115.469,28.557
-115.464,28.461
-115.525,28.396
-115.477,28.449
-115.632,28.194
-124.782,25.4
-120.361,34.097
-120.202,34.138
-120.449,34.208
-120.446,34.098
-120.42,34.063
-120.562,34.049
-120.551,34.057
-120.521,34.153
-120.484,34.154
-120.649,34.16
-121.752,33.887
-122.125,33.74
-123.835,33.975
-123.61,34.276
-124.061,34.096
-124.22,34.191
-123.299,33.976
-125.268,33.763
-125.104,34.008
-124.409,34.506
-125.006,34.797
-125.096,35.562
-125.117,35.735
-125.028,35.788
-124.927,36.011
-123.873,35.507
-123.246,35.037
-123.241,35.023
-121.984,35.85
-122.116,35.813
-121.733,35.981
-121.634,35.32
-121.705,35.107
-121.495,35.03
-121.654,35.105
-121.017,34.658
-121.193,34.718
-121.412,34.592
-121.379,34.517
-121.079,34.532
-120.264,33.701
-120.214,33.495
-119.424,34.016
-120.036,32.876
-121.379,32.128
-121.553,32.015
-121.974,32.832
-121.657,32.643
-122.012,32.667
-122.01,32.725
-121.899,32.322
-121.866,32.317
-121.371,31.843
-121.208,31.912
-121.358,31.856
-122.092,31.576
-121.402,31.143
-120.769,31.238
-121.609,30.996
-121.313,31.134
-121.272,31.131
-120.097,34.113
-119.559,34.455
-120.039,34.127
-120.072,34.099
-114.984,33.054
-120.576,34.197
-120.232,34.033
-116.141,36.344
-120.402,34.147
-113.869,29.942
-120.781,34.163
-119.898,33.703
-120.184,34.113
-118.761,34.82
-120.227,34.116
-120.611,34.21
-120.499,34.204
-120.459,34.304
-120.395,34.135
-120.497,34.176
-120.493,34.274
-120.817,34.262
-120.826,34.256
-120.931,34.357
-121.079,34.542
-121.165,34.504
-121.769,35.835
-121.734,35.87
-122.251,36.072
-122.201,36.076
-122.507,36.335
-122.488,36.365
-122.786,37.292
-122.835,37.279
-122.63,37.188
-122.92,37.44
-122.566,37.082
-122.486,37.127
-122.383,37.157
-122.471,37.081
-122.381,37.046
-122.451,37.082
-120.121,34.115
-120.068,34.126
-120.386,34.183
-120.376,34.186
-119.813,34.15
-120.045,34.08
-120.137,34.128
-120.084,34.107
-120.085,34.097
-119.666,34.166
-119.946,34.208
-120.019,34.136
-119.925,34.224
-120.077,34.341
-119.922,34.22
-120.053,34.361
-120.049,34.369
-120.123,34.129
-120.252,34.169
-118.909,34.692
-122.334,34.311
-120.579,33.973
-120.694,34.397
-120.68,34.259
-120.618,34.928
-121.205,35.103
-121.071,35.124
-121.678,35.486
-122.066,36.186
-122.061,36.19
-121.975,36.345
-121.801,36.47
-122.52,37.028
-122.789,37.26
-123.031,37.85
-123.191,38.156
-123.126,38.089
-123.179,38.355
-123.269,38.396
-123.137,38.203
-153.993,42.996
-123.162,37.968
-123.105,38.083
-123.194,38.171
-123.264,38.527
-123.735,38.822
-124.002,38.782
-123.183,38.421
-123.317,37.926
-123.147,37.792
-123.238,37.809
-123.368,37.809
-122.947,37.562
-122.951,37.462
-122.959,37.459
-122.949,37.456
-125.12,37.038
-122.761,37.35
-123.928,36.624
-122.731,37.583
-123.22,37.811
-123.147,37.819
-123.586,38.402
-123.701,38.968
-123.838,39.03
-124.529,40.108
-124.533,40.119
-125.136,39.671
-125.443,39.482
-126.226,39.268
-126.373,39.13
-126.704,39.075
-128.604,39.846
-126.3,38.863
-126.471,38.745
-126.376,38.805
-126.178,38.577
-126.253,38.368
-126.512,38.299
-126.066,38.381
-126.266,38.288
-125.934,38.687
-126.652,37.865
-126.927,37.829
-127.123,37.689
-127.54,37.218
-127.092,37.095
-127.201,37.082
-127.318,37.192
-126.651,36.926
-126.939,36.943
-127.097,37.042
-126.816,37.014
-128.154,36.724
-127.259,37.035
-127.12,37.108
-128.857,35.892
-125.734,36.981
-127.439,36.715
-127.001,36.899
-127.013,36.907
-126.921,37.423
-126.826,37.514
-126.991,38.148
-127.144,38.509
-127.139,38.73
-127.205,39.02
-126.037,39.615
-127.042,39.566
-126.86,39.761
-126.478,39.785
-126.743,39.865
-126.775,39.876
-126.615,39.925
-126.619,40.109
-126.543,40.119
-126.458,40.539
-126.14,40.167
-126.522,40.652
-126.788,40.73
-126.823,40.702
-127.105,41.188
-127.101,41.249
-126.926,41.944
-126.666,42.72
-126.674,42.837
-126.58,42.886
-126.711,43.625
-126.537,43.994
-126.569,44.033
-126.704,44.224
-126.84,44.589
-126.911,44.678
-127.021,45.087
-125.803,45.557
-126.95,45.618
-125.482,46.687
-124.463,47.407
-126.35,48.093
-125.215,47.217
-124.977,47.776
-124.794,47.222
-125.147,47.33
-126.364,47.812
-126.515,47.936
-126.56,48.463
-127.123,47.514
-127.149,47.518
-126.792,47.441
-126.362,46.859
-126.392,47.021
-125.909,46.821
-125.89,46.817
-124.89,46.436
-124.945,46.408
-119.974,34.158
-119.867,34.207
-119.499,34.045
-119.489,34.092
-118.947,35.208
-118.726,33.638
-118.765,33.721
-118.546,33.631
-117.989,33.392
-130.378,36.508
-119.099,33.504
-118.797,33.18
-118.507,33.628
-118.338,33.734
-118.77,33.904
-119.05,33.804
-118.116,33.664
-115.704,34.01
-118.688,33.386
-119.001,33.617
-118.96,33.489
-118.17,33.477
-118.395,33.225
-118.235,33.252
-118.697,33.175
-118.206,33.53
-118.14,33.487
-118.084,33.606
-117.776,33.292
-117.846,33.413
-117.898,33.458
-117.991,33.504
-118.047,33.502
-118.056,33.559
-117.922,33.548
-117.885,33.15
-117.889,33.112
-120.125,32.04
-120.293,32.049
-120.755,32.165
-124.268,31.919
-126.076,32.216
-124.514,32.49
-124.139,32.946
-123.917,33.194
-124.018,33.235
-123.239,33.463
-123.067,33.233
-123.038,33.215
-123.115,33.209
-123.499,32.78
-122.182,35.82
-134.559,32.709
-122.747,33.929
-123.269,33.955
-122.587,34.219
-122.453,34.097
-123.218,34.316
-122.3,33.739
-120.633,34.15
-121.987,33.883
-121.774,33.826
-121.274,33.903
-120.677,33.874
-120.106,34.458
-124.064,29.866
-120.874,34.506
-121.059,34.524
-126.525,30.12
-121.921,35.199
-120.317,34.277
-120.851,34.495
-120.694,34.441
-120.419,34.203
-120.291,34.269
-119.934,34.131
-119.868,34.18
-119.847,34.229
-118.932,34.874
-119.916,34.283
-119.656,34.571
-119.334,34.027
-119.159,33.996
-117.07,33.858
-118.694,33.779
-118.714,33.925
-118.504,33.873
-118.974,34.028
-118.667,33.985
-121.188,33.126
-118.882,33.71
-118.083,33.676
-118.855,33.842
-118.855,33.842
-118.556,33.906
-118.581,33.811
-118.837,33.753
-118.732,33.726
-118.543,33.803
-118.551,33.946
-118.362,33.715
-118.514,33.837
-118.12,33.616
-117.714,32.912
-118.988,34.927
-118.113,33.555
-118.46,33.547
-118.269,33.562
-117.989,33.183
-118.207,33.516
-118.167,33.05
-117.419,33.929
-117.334,34.118
-118.425,33.82
-118.544,34.034
-119.041,33.945
-117.852,34.382
-118.865,33.941
-119.148,34.024
-119.176,33.792
-118.99,34.021
-119.035,33.981
-119.009,33.971
-119.265,34.011
-118.99,34.001
-118.117,33.668
-119.246,34.064
-119.181,33.78
-118.91,34.256
-128.85,38.103
-118.708,34.416
-119.094,33.891
-118.884,33.887
-118.687,33.822
-118.325,33.497
-118.348,33.58
-118.512,33.6
-118.342,33.582
-118.019,33.602
-118.319,33.645
-117.903,33.626
-118.591,33.606
-119.234,35.182
-116.417,34.589
-118.532,33.802
-118.744,33.515
-119.345,34.021
-119.161,34.05
-119.166,34.086
-119.714,34.302
-119.929,34.268
-119.895,34.294
-120.377,34.279
-120.253,34.182
-119.87,34.088
-97.237,9.736
-97.44,9.561
-97.103,9.68
-97.179,9.667
-97.158,9.637
-97.099,9.596
-97.27,9.231
-97.214,9.527
-97.319,9.486
-97.256,9.588
-87.547,8.156
-97.394,9.274
-97.599,9.229
-97.2,9.004
-97.076,9.22
-97.377,9.056
-97.641,8.946
-97.575,8.888
-97.721,8.798
-97.718,8.925
-97.552,8.708
-97.56,8.454
-97.544,8.52
-97.485,8.405
-97.709,8.282
-98.152,8.043
-97.596,8.285
-97.623,8.25
-97.562,8.182
-97.543,7.859
-97.774,8.241
-97.715,8.237
-97.678,8.232
-97.718,8.065
-97.681,8.045
-97.606,8.238
-97.622,7.98
-97.59,7.994
-97.601,8.006
-97.451,8.032
-97.647,8.004
-97.223,7.098
-97.428,7.814
-97.446,7.814
-97.413,7.836
-97.384,7.693
-97.485,7.721
-97.275,7.511
-96.964,7.493
-96.854,7.424
-96.814,7.288
-96.817,7.41
-96.866,7.455
-96.591,7.707
-96.359,7.749
-96.259,7.926
-95.645,8.239
-96.387,8.02
-96.432,8.021
-97.523,7.945
-96.407,8.212
-96.476,8.252
-96.528,8.265
-96.364,8.217
-96.273,8.266
-96.655,8.169
-96.309,8.266
-96.284,8.189
-96.251,8.191
-96.308,8.122
-96.283,8.269
-96.144,8.247
-96.149,8.12
-96.229,8.101
-96.222,8.105
-96.266,8.108
-95.416,8.172
-96.279,8.014
-96.103,8.037
-96.142,7.968
-95.963,8.345
-96.131,8.553
-96.165,8.532
-96.117,8.527
-96.009,8.546
-95.942,8.349
-96.027,8.294
-95.86,8.303
-95.449,8.694
-96.014,8.263
-96.042,8.257
-96.029,8.241
-96.054,8.445
-96.087,8.416
-98.402,8.698
-96.082,8.391
-96.13,8.422
-96.117,8.42
-96.108,8.447
-96.208,8.145
-96.149,8.419
-96.071,8.369
-96.102,8.283
-96.018,8.34
-95.929,8.192
-95.788,8.081
-96.924,8.564
-96.31,7.883
-95.794,8.112
-95.858,7.988
-95.79,7.884
-95.564,7.784
-95.495,7.515
-95.52,7.292
-94.879,7.096
-95.303,7.103
-95.325,7.003
-95.066,7.134
-95.1,7.287
-95.012,7.261
-96.484,6.45
-96.561,7.458
-94.991,7.353
-95.052,7.26
-94.89,7.239
-94.906,7.33
-94.914,7.287
-95.097,7.054
-95.155,7.229
-95.099,7.16
-95.098,7.153
-95.018,7.192
-95.45,7.035
-95.039,7.148
-94.952,7.158
-94.827,7.153
-95.262,7.358
-95.21,7.113
-94.302,6.244
-94.877,7.108
-95.009,6.925
-95.135,7.376
-94.892,7.304
-94.942,7.257
-95.04,7.617
-95.097,7.929
-95.188,8.176
-94.935,7.835
-94.813,7.734
-94.827,7.69
-94.822,7.688
-95.024,7.613
-96.694,7.663
-95.015,7.779
-95.01,7.829
-95.033,7.837
-95.158,7.743
-95.263,7.752
-95.028,7.91
-94.971,7.985
-95.008,7.993
-94.961,7.867
-95.075,8.153
-94.935,7.961
-94.897,8.003
-95.001,8.128
-94.827,7.974
-95.033,8.065
-94.994,8.082
-95.152,8.232
-95.458,7.846
-95.143,8.015
-95.189,8.023
-94.998,7.857
-94.879,8.601
-94.959,8.869
-95.001,8.886
-94.976,8.923
-94.976,8.923
-95.097,8.819
-95.137,8.818
-95.152,8.94
-95.191,8.946
-95.352,9.159
-95.439,9.306
-95.425,9.322
-95.474,9.453
-95.578,9.528
-95.305,9.471
-95.401,9.396
-95.699,9.368
-95.677,9.376
-95.948,9.219
-95.815,9.467
-95.78,9.288
-95.874,9.332
-95.889,9.533
-95.721,9.442
-96.364,9.381
-96.011,9.362
-95.921,9.283
-96.049,9.119
-95.83,9.277
-96.024,9.407
-96.08,9.506
-96.085,9.496
-96.055,9.519
-96.331,9.419
-96.347,9.414
-96.32,9.755
-95.156,9.022
-96.382,8.945
-96.595,8.937
-96.751,8.962
-96.561,9.023
-96.348,9.003
-97.172,8.986
-97.13,9.198
-97.352,9.222
-97.074,9.173
-96.982,9.355
-97.202,9.201
-97.151,9.237
-97.169,9.137
-97.248,9.422
-97.128,9.213
-97.151,9.043
-97.103,8.629
-97.079,8.494
-97.154,8.528
-97.16,8.08
-97.103,7.955
-97.043,7.612
-96.953,7.309
-97.073,7.34
-96.741,7.242
-97.008,7.402
-96.988,7.304
-97.007,7.3
-97.131,7.127
-96.898,6.981
-98.008,6.985
-96.954,7.129
-96.794,7.032
-96.878,7.081
-97.739,7.798
-96.936,7.042
-96.751,7.221
-96.721,7.172
-96.637,7.358
-96.672,7.273
-96.354,7.802
-96.776,8.408
-97.206,10.52
-97.332,11.05
-97.3,11.071
-97.807,11.362
-99.443,13.056
-100.56,14.96
-100.557,15.095
-102.516,17.612
-104.631,18.228
-104.691,18.424
-104.709,18.345
-106.561,19.645
-106.848,19.787
-110.114,22.609
-113.608,26.443
-112.702,27.81
-115.196,28.749
-115.062,29.094
-115.032,29.087
-115.151,29.012
-112.908,24.745
-112.899,24.629
-111.28,23.206
-110.849,22.856
-110.8,22.74
-109.698,22.069
-109.854,22.338
-109.734,22.298
-108.947,23.043
-109.153,22.762
-109.131,22.748
-109.555,22.417
-109.832,22.287
-109.861,22.123
-109.853,21.553
-108.515,21.318
-109.068,22.471
-110.176,21.088
-110.355,21.121
-110.444,21.264
-110.664,21.109
-109.799,21.319
-110.486,21.003
-110.332,20.994
-110.485,20.873
-110.092,20.892
-109.595,20.691
-109.514,20.932
-109.554,20.855
-109.547,20.916
-110.102,20.678
-109.454,20.929
-109.525,21.004
-109.485,20.985
-109.387,20.934
-109.259,21.271
-109.282,21.353
-110.126,22.763
-110.424,22.753
-110.681,23.129
-110.775,23.166
-110.805,23.327
-110.847,23.287
-110.829,23.508
-110.872,23.356
-110.843,23.385
-112.351,23.234
-113.639,26.121
-113.657,26.213
-113.678,26.218
-113.945,26.322
-113.703,26.517
-113.945,26.593
-114.129,26.608
-114.187,26.621
-114.459,27.049
-114.689,27.179
-114.886,27.512
-115.079,27.269
-114.91,27.345
-114.78,27.18
-114.8,27.35
-114.737,27.18
-114.787,27.1
-114.481,27.101
-114.898,27.349
-115.481,27.909
-115.406,27.857
-115.596,27.949
-115.816,27.895
-115.565,28.282
-115.697,28.358
-115.58,28.403
-115.516,28.412
-115.696,28.208
-116.095,28.418
-115.716,28.34
-115.54,28.453
-115.684,28.307
-115.31,28.49
-96.698,8.794
-96.577,8.746
-96.623,9.087
-96.712,9.11
-96.81,8.989
-96.841,8.952
-96.995,9.13
-97.144,9.182
-97.291,9.253
-97.29,9.235
-97.311,9.032
-97.348,9.055
-97.393,9.163
-97.332,9.298
-97.382,9.386
-97.367,9.376
-97.294,9.459
-97.462,9.792
-97.898,9.984
-98.207,9.877
-98.228,9.877
-98.278,9.669
-98.218,9.445
-98.119,9.419
-98.133,9.364
-98.005,9.258
-97.988,9.284
-98.103,9.237
-98.233,9.231
-98.356,9.231
-98.341,9.195
-98.355,9.132
-98.355,9.131
-98.292,9.211
-98.357,9.109
-98.437,9.101
-98.384,9.057
-98.401,9.014
-98.516,9.131
-98.565,9.184
-98.588,9.016
-98.588,8.738
-98.561,8.756
-98.096,8.469
-98.56,8.536
-98.524,8.526
-98.501,8.48
-98.517,8.409
-98.492,8.422
-98.511,8.371
-98.492,8.367
-98.528,8.349
-98.583,8.289
-98.59,8.29
-98.445,8.375
-98.394,8.109
-98.339,7.836
-97.957,7.9
-97.825,7.843
-97.694,7.82
-97.592,7.943
-97.774,7.784
-97.84,8.087
-97.761,7.961
-97.804,8.004
-97.646,7.894
-97.438,7.867
-97.367,7.963
-97.419,8.006
-97.322,7.97
-97.334,7.972
-97.354,7.991
-97.154,7.92
-97.18,7.955
-97.804,8.133
-97.133,8.082
-97.105,8.083
-97.102,7.995
-97.239,8.018
-97.085,8.017
-97.168,8.062
-97.195,8.07
-97.233,7.934
-97.158,7.917
-97.122,7.91
-97.235,7.904
-96.589,7.893
-96.616,8.83
-96.593,8.932
-96.606,8.952
-96.684,8.994
-96.585,9.032
-96.545,9.111
-95.859,9.296
-95.737,9.292
-95.606,9.066
-95.229,9.201
-95.168,9.247
-95.164,9.244
-95.687,8.662
-94.926,9.187
-94.442,9.154
-94.155,9.141
-94.376,9.236
-94.352,9.221
-94.083,9.066
-94.07,8.996
-94.065,8.993
-94.049,8.929
-94.055,8.975
-93.748,9.15
-93.674,9.208
-94.49,10.249
-94.103,9.741
-94.056,9.808
-94.064,9.832
-94.095,9.741
-94.118,9.798
-94.099,9.727
-94.11,9.791
-94.102,9.782
-94.087,9.788
-94.068,9.811
-92.082,10.753
-94.085,9.806
-94.122,9.794
-94.144,9.794
-94.144,9.794
-94.082,9.818
-94.177,9.79
-94.728,9.46
-94.018,9.814
-94.147,9.831
-94.224,9.859
-94.576,9.674
-94.27,9.855
-94.196,9.821
-94.187,9.802
-94.295,9.946
-94.252,9.782
-94.122,9.824
-94.21,9.819
-93.839,9.581
-94.188,9.731
-94.073,9.666
-94.026,9.779
-94.294,9.746
-94.256,9.842
-94.418,10.039
-94.295,10.359
-94.247,10.45
-94.236,10.456
-94.08,10.637
-94.228,10.743
-94.234,10.8
-94.272,10.826
-94.073,10.999
-94.178,10.979
-94.432,10.911
-94.03,11.088
-93.984,11.125
-93.993,11.141
-93.978,11.087
-94.062,11.073
-93.887,11.207
-93.871,11.241
-93.766,11.283
-93.749,11.272
-93.805,11.348
-94.093,11.694
-93.471,11.505
-93.121,11.438
-93.051,11.421
-92.856,11.343
-92.438,11.012
-92.438,10.983
-92.322,10.87
-92.382,10.794
-92.252,10.733
-91.983,10.174
-92.146,10.041
-91.87,9.561
-91.882,9.576
-91.876,9.575
-91.827,9.561
-91.95,9.23
-91.86,9.167
-91.932,9.204
-91.981,9.008
-92.305,8.908
-92.242,8.808
-92.309,8.852
-91.884,9.057
-92.258,8.827
-92.276,8.749
-92.262,8.789
-92.156,8.663
-92.1,8.601
-91.782,8.459
-91.611,8.795
-91.664,8.797
-91.633,8.935
-91.66,8.971
-91.721,9.203
-92.003,9.379
-92.19,9.418
-109.956,26.048
-93.161,8.925
-93.12,8.976
-93.149,8.775
-93.139,8.761
-93.578,8.828
-93.56,8.827
-93.511,9.238
-94.053,9.124
-93.497,9.29
-93.48,9.31
-93.551,9.118
-93.637,9.107
-93.383,9.072
-93.394,9.03
-93.375,9.058
-93.284,9.132
-93.471,8.765
-93.144,9.374
-92.872,9.145
-93.237,9.187
-93.27,9.106
-93.277,9.115
-93.248,9.163
-93.289,9.178
-93.272,9.149
-93.07,9.239
-92.769,9.53
-92.986,9.654
-92.686,10.439
-92.591,10.281
-92.251,10.214
-92.202,10.015
-91.527,9.743
-91.649,9.761
-91.426,9.654
-91.244,9.754
-91.31,9.526
-91.252,9.525
-91.148,9.519
-91.217,9.483
-91.262,9.564
-91.095,9.455
-91.301,9.631
-91.291,9.541
-91.237,9.429
-90.974,9.368
-90.797,9.218
-90.478,9.177
-90.48,9.161
-90.47,9.014
-90.045,8.954
-90.308,9.092
-90.027,8.951
-90.206,9.189
-90.212,9.054
-90.121,9.729
-90.226,9.727
-90.57,9.532
-90.385,9.429
-90.381,9.473
-90.777,8.904
-90.478,9.675
-90.471,9.707
-90.639,9.598
-85.381,11.445
-90.284,9.656
-91.981,9.32
-90.031,9.678
-90.1,9.783
-104.172,13.282
-89.941,9.283
-90.049,9.347
-90.156,9.265
-90.219,9.315
-90.166,9.278
-90.311,9.2
-90.276,9.181
-90.338,9.035
-90.417,9.043
-91.29,9.181
-90.384,8.947
-90.249,8.877
-90.198,8.874
-91.166,9.138
-91.269,9.493
-89.975,9.843
-91.411,9.471
-91.323,9.387
-91.476,9.736
-92.311,9.226
-91.62,9.804
-91.664,9.774
-91.676,9.784
-91.469,9.56
-91.454,9.568
-91.452,9.597
-91.624,9.841
-91.244,10.053
-93.896,11.141
-94.008,11.03
-94.105,11.042
-94.114,11.042
-94.473,11.125
-95.755,12.054
-95.8,12.174
-96.412,12.406
-98.059,13.854
-100.189,16.409
-111.423,23.259
-113.366,25.147
-115.027,26.702
-115.93,26.972
-119.121,30.734
-119.172,30.742
-117.927,31.318
